,Unique Key,Created Date,Closed Date,Agency,Agency Name,Complaint Type,Descriptor,Location Type,Incident Zip,Incident Address,Street Name,Cross Street 1,Cross Street 2,Intersection Street 1,Intersection Street 2,Address Type,City,Landmark,Facility Type,Status,Due Date,Resolution Description,Resolution Action Updated Date,Community Board,BBL,Borough,X Coordinate (State Plane),Y Coordinate (State Plane),Open Data Channel Type,Park Facility Name,Park Borough,Vehicle Type,Taxi Company Borough,Taxi Pick Up Location,Bridge Highway Name,Bridge Highway Direction,Road Ramp,Bridge Highway Segment,Latitude,Longitude,Location
0,45285347,2020-01-01 00:00:00,2020-01-10 00:00:01,DOHMH,Department of Health and Mental Hygiene,Food Poisoning,3 or More,Restaurant/Bar/Deli/Bakery,11229.0,3442 NOSTRAND AVENUE,NOSTRAND AVENUE,GRAVESEND NECK ROAD,AVENUE V,GRAVESEND NECK ROAD,AVENUE V,ADDRESS,BROOKLYN,NOSTRAND AVENUE,,Closed,,The Health Departmentâs Office of Environmental Investigations has determined this case was an isolated incident. The Departmentâs Bureau of Food Safety and Community Sanitation will review to see if a sanitary inspection is necessary. All food establishments are inspected annually. You can get results of all food safety inspections by going online to www.nyc.gov/health/restaurants.,01/10/2020 04:38:17 PM,15 BROOKLYN,3073620008.0,BROOKLYN,1000400.0,157925.0,ONLINE,Unspecified,BROOKLYN,,,,,,,,40.6001292057807,-73.94184291675883,"(40.6001292057807, -73.94184291675883)"
1,45285651,2020-01-01 00:00:00,2020-01-02 00:00:01,DOHMH,Department of Health and Mental Hygiene,Food Poisoning,1 or 2,Restaurant/Bar/Deli/Bakery,10458.0,2701 DECATUR AVENUE,DECATUR AVENUE,EAST 195 STREET,EAST 197 STREET,EAST  195 STREET,EAST  197 STREET,ADDRESS,BRONX,DECATUR AVENUE,,Closed,,The Department of Health and Mental Hygiene has determined that the reported incident is isolated.  The establishment will be inspected according to its normal schedule for sanitary inspections.,01/15/2020 04:43:53 PM,07 BRONX,2032830055.0,BRONX,1015012.0,254391.0,PHONE,Unspecified,BRONX,,,,,,,,40.864865567707994,-73.88878325729915,"(40.86486556770799, -73.88878325729915)"
2,45285821,2020-01-01 00:00:00,2020-01-02 09:50:09,DOHMH,Department of Health and Mental Hygiene,Food Poisoning,1 or 2,Other (Explain Below),11203.0,5707 CHURCH AVENUE,CHURCH AVENUE,EAST 57 STREET,KINGS HIGHWAY,EAST   57 STREET,KINGS HIGHWAY,ADDRESS,BROOKLYN,CHURCH AVENUE,,Closed,,The Health Departmentâs Office of Environmental Investigations has determined this case was an isolated incident. The Departmentâs Bureau of Food Safety and Community Sanitation will review to see if a sanitary inspection is necessary. All food establishments are inspected annually. You can get results of all food safety inspections by going online to www.nyc.gov/health/restaurants.,01/02/2020 09:50:00 AM,17 BROOKLYN,,BROOKLYN,1005466.0,177022.0,ONLINE,Unspecified,BROOKLYN,,,,,,,,40.65253575905768,-73.92353994017135,"(40.65253575905768, -73.92353994017134)"
3,45287907,2020-01-01 00:00:00,2020-01-02 00:00:01,DOHMH,Department of Health and Mental Hygiene,Food Poisoning,3 or More,Restaurant/Bar/Deli/Bakery,11214.0,1602 SHORE PARKWAY,SHORE PARKWAY,BELT PARKWAY EXIT 5 EASTBOUND,BELT PARKWAY EB EN BAY PKWY,BELT PARKWAY EXIT    5 EASTBOUND,BELT PARKWAY EB EN BAY PKWY,ADDRESS,BROOKLYN,SHORE PARKWAY,,Closed,,The Department of Health and Mental Hygiene has determined that the reported incident is isolated.  The establishment will be inspected according to its normal schedule for sanitary inspections.,01/15/2020 04:51:03 PM,11 BROOKLYN,3064910050.0,BROOKLYN,984202.0,156289.0,ONLINE,Unspecified,BROOKLYN,,,,,,,,40.59565343138651,-74.00017283917487,"(40.59565343138651, -74.00017283917487)"
4,45288240,2020-01-01 00:00:00,2020-01-02 00:00:01,DOHMH,Department of Health and Mental Hygiene,Food Poisoning,1 or 2,Restaurant/Bar/Deli/Bakery,11385.0,1717 CORNELIA STREET,CORNELIA STREET,MYRTLE AVENUE,SENECA AVENUE,MYRTLE AVENUE,SENECA AVENUE,ADDRESS,Ridgewood,CORNELIA STREET,,Closed,,The Department of Health and Mental Hygiene has determined that the reported incident is isolated.  The establishment will be inspected according to its normal schedule for sanitary inspections.,01/15/2020 04:44:34 PM,05 QUEENS,4034610052.0,QUEENS,1010470.0,194453.0,ONLINE,Unspecified,QUEENS,,,,,,,,40.70036648979988,-73.90543829006366,"(40.700366489799876, -73.90543829006366)"
5,45288728,2020-01-01 00:00:00,2020-01-02 00:00:01,DOHMH,Department of Health and Mental Hygiene,Food Poisoning,1 or 2,Restaurant/Bar/Deli/Bakery,11225.0,985 NOSTRAND AVENUE,NOSTRAND AVENUE,SULLIVAN PLACE,EMPIRE BOULEVARD,SULLIVAN PLACE,EMPIRE BOULEVARD,ADDRESS,BROOKLYN,NOSTRAND AVENUE,,Closed,,The Department of Health and Mental Hygiene has determined that the reported incident is isolated.  The establishment will be inspected according to its normal schedule for sanitary inspections.,01/15/2020 04:45:05 PM,09 BROOKLYN,3013090001.0,BROOKLYN,997849.0,181347.0,ONLINE,Unspecified,BROOKLYN,,,,,,,,40.66442190467239,-73.95098201556381,"(40.66442190467239, -73.95098201556382)"
6,45289555,2020-01-01 00:00:00,2020-01-02 09:39:33,DOHMH,Department of Health and Mental Hygiene,Food Poisoning,1 or 2,Restaurant/Bar/Deli/Bakery,11421.0,92-20 JAMAICA AVENUE,JAMAICA AVENUE,92 STREET,WOODHAVEN BOULEVARD,92 STREET,WOODHAVEN BOULEVARD,ADDRESS,Woodhaven,JAMAICA AVENUE,,Closed,,The Department of Health and Mental Hygiene has determined that the reported incident is isolated.  The establishment will be inspected according to its normal schedule for sanitary inspections.,01/02/2020 09:39:33 AM,09 QUEENS,4089330077.0,QUEENS,1025018.0,191916.0,ONLINE,Unspecified,QUEENS,,,,,,,,40.693347960627435,-73.85298676420625,"(40.69334796062744, -73.85298676420625)"
7,45288120,2020-01-01 00:00:00,2020-01-02 09:51:29,DOHMH,Department of Health and Mental Hygiene,Food Poisoning,3 or More,Restaurant/Bar/Deli/Bakery,10455.0,748 EAST  149 STREET,EAST  149 STREET,CONCORD AVENUE,WALES AVENUE,CONCORD AVENUE,WALES AVENUE,ADDRESS,BRONX,EAST  149 STREET,,Closed,,The Department of Health and Mental Hygiene has determined that the reported incident is isolated.  The establishment will be inspected according to its normal schedule for sanitary inspections.,01/02/2020 09:51:29 AM,01 BRONX,,BRONX,1009724.0,235487.0,ONLINE,Unspecified,BRONX,,,,,,,,40.81299645614164,-73.90797324533352,"(40.81299645614164, -73.90797324533352)"
8,45289558,2020-01-01 00:00:00,2020-01-15 00:00:01,DOHMH,Department of Health and Mental Hygiene,Food Poisoning,3 or More,Other (Explain Below),11215.0,625 UNION STREET,UNION STREET,3 AVENUE,4 AVENUE,3 AVENUE,4 AVENUE,ADDRESS,BROOKLYN,UNION STREET,,Closed,,The Health Departmentâs Office of Environmental Investigations has determined this case was an isolated incident. The Departmentâs Bureau of Food Safety and Community Sanitation will review to see if a sanitary inspection is necessary. All food establishments are inspected annually. You can get results of all food safety inspections by going online to www.nyc.gov/health/restaurants.,01/15/2020 04:49:19 PM,06 BROOKLYN,3004340016.0,BROOKLYN,988567.0,186277.0,ONLINE,Unspecified,BROOKLYN,,,,,,,,40.67796304185789,-73.98443609121443,"(40.677963041857886, -73.98443609121443)"
9,45282225,2020-01-01 00:01:12,2020-01-01 03:07:10,NYPD,New York City Police Department,Blocked Driveway,No Access,Street/Sidewalk,11210.0,511 EAST   28 STREET,EAST   28 STREET,FOSTER AVENUE,FARRAGUT ROAD,FOSTER AVENUE,FARRAGUT ROAD,,BROOKLYN,EAST   28 STREET,,Closed,,The Police Department issued a summons in response to the complaint.,01/01/2020 03:07:32 AM,14 BROOKLYN,3052300069.0,BROOKLYN,998097.0,171717.0,PHONE,Unspecified,BROOKLYN,,,,,,,,40.637989269156755,-73.95010786310772,"(40.63798926915675, -73.95010786310772)"
10,45281175,2020-01-01 00:01:37,2020-01-01 01:54:21,NYPD,New York City Police Department,Noise - Residential,Loud Music/Party,Residential Building/House,10468.0,2625 GRAND CONCOURSE,GRAND CONCOURSE,EAST  192 STREET,EAST  193 STREET,EAST  192 STREET,EAST  193 STREET,,BRONX,GRAND CONCOURSE,,Closed,,The Police Department responded to the complaint and with the information available observed no evidence of the violation at that time.,01/01/2020 01:54:23 AM,07 BRONX,2031680049.0,BRONX,1013268.0,254494.0,MOBILE,Unspecified,BRONX,,,,,,,,40.86515417644589,-73.89508805180566,"(40.865154176445884, -73.89508805180566)"
11,45278238,2020-01-01 00:01:46,2020-01-01 05:37:46,NYPD,New York City Police Department,Noise - Residential,Banging/Pounding,,10025.0,865 COLUMBUS AVENUE,COLUMBUS AVENUE,WEST  100 STREET,WEST  103 STREET,WEST  100 STREET,WEST  103 STREET,,NEW YORK,COLUMBUS AVENUE,,Closed,,The Police Department responded to the complaint and with the information available observed no evidence of the violation at that time.,01/01/2020 05:37:48 AM,07 MANHATTAN,1018360001.0,MANHATTAN,994065.0,229622.0,PHONE,Unspecified,MANHATTAN,,,,,,,,40.79692992181987,-73.96455113216999,"(40.79692992181987, -73.96455113216999)"
12,45280733,2020-01-01 00:01:56,2020-01-01 07:48:16,NYPD,New York City Police Department,Noise - Residential,Loud Music/Party,Residential Building/House,11103.0,25-88 46 STREET,46 STREET,25 AVENUE,28 AVENUE,25 AVENUE,28 AVENUE,,ASTORIA,46 STREET,,Closed,,The Police Department responded to the complaint and with the information available observed no evidence of the violation at that time.,01/01/2020 07:48:17 AM,01 QUEENS,4007160079.0,QUEENS,1009934.0,218099.0,MOBILE,Unspecified,QUEENS,,,,,,,,40.76527048266495,-73.90728109315765,"(40.76527048266495, -73.90728109315764)"
13,45281554,2020-01-01 00:03:23,2020-01-01 05:24:53,NYPD,New York City Police Department,Noise - Residential,Loud Music/Party,Residential Building/House,11222.0,211 INDIA STREET,INDIA STREET,MCGUINNESS BOULEVARD,PROVOST STREET,MCGUINNESS BOULEVARD,PROVOST STREET,,BROOKLYN,INDIA STREET,,Closed,,The Police Department responded to the complaint but officers were unable to gain entry into the premises.,01/01/2020 05:25:00 AM,01 BROOKLYN,3025340052.0,BROOKLYN,997802.0,206210.0,PHONE,Unspecified,BROOKLYN,,,,,,,,40.73266510004759,-73.95110140096469,"(40.73266510004759, -73.95110140096469)"
14,45283785,2020-01-01 00:03:34,2020-01-01 00:03:35,EDC,Economic Development Corporation,Noise - Helicopter,Other,Above Address,10016.0,513 2 AVENUE,2 AVENUE,EAST   28 STREET,EAST   29 STREET,EAST   28 STREET,EAST   29 STREET,,NEW YORK,2 AVENUE,,Closed,,,,06 MANHATTAN,1009090031.0,MANHATTAN,990250.0,209393.0,ONLINE,Unspecified,MANHATTAN,,,,,,,,40.74140999463676,-73.97834783864802,"(40.74140999463676, -73.97834783864802)"
15,45279341,2020-01-01 00:03:45,2020-01-01 02:02:26,NYPD,New York City Police Department,Noise - Commercial,Loud Music/Party,Club/Bar/Restaurant,11206.0,894 BROADWAY,BROADWAY,BELVIDERE STREET,ARION PLACE,BELVIDERE STREET,ARION PLACE,,BROOKLYN,BROADWAY,,Closed,,The Police Department responded to the complaint and determined that police action was not necessary.,01/01/2020 02:02:28 AM,03 BROOKLYN,3015820018.0,BROOKLYN,1001697.0,193584.0,ONLINE,Unspecified,BROOKLYN,,,,,,,,40.69800293380301,-73.93708011114346,"(40.69800293380301, -73.93708011114347)"
16,45278281,2020-01-01 00:04:16,2020-01-01 06:49:27,NYPD,New York City Police Department,Noise - Residential,Loud Music/Party,Residential Building/House,11221.0,40 STARR STREET,STARR STREET,CENTRAL AVENUE,WILSON AVENUE,CENTRAL AVENUE,WILSON AVENUE,,BROOKLYN,STARR STREET,,Closed,,The Police Department responded to the complaint and with the information available observed no evidence of the violation at that time.,01/01/2020 06:49:32 AM,04 BROOKLYN,3031960026.0,BROOKLYN,1004420.0,194639.0,ONLINE,Unspecified,BROOKLYN,,,,,,,,40.70089287407959,-73.92725688032714,"(40.700892874079585, -73.92725688032714)"
17,45288075,2020-01-01 00:04:45,2020-01-03 02:12:58,HPD,Department of Housing Preservation and Development,HEAT/HOT WATER,ENTIRE BUILDING,RESIDENTIAL BUILDING,11238.0,420 CLINTON AVENUE,CLINTON AVENUE,,,,,ADDRESS,BROOKLYN,,,Closed,,"The Department of Housing Preservation and Development responded to a complaint of no heat or hot water and was advised by a tenant in the building that heat and hot water had been restored. If the condition still exists, please file a new complaint.",01/03/2020 02:12:58 AM,02 BROOKLYN,3019600022.0,BROOKLYN,993310.0,189077.0,PHONE,Unspecified,BROOKLYN,,,,,,,,40.68564482086869,-73.96733257810195,"(40.68564482086869, -73.96733257810193)"
18,45279489,2020-01-01 00:04:47,2020-01-01 04:22:13,NYPD,New York City Police Department,Illegal Parking,Blocked Hydrant,Street/Sidewalk,11223.0,1906 WEST   13 STREET,WEST   13 STREET,AVENUE S,AVENUE T,AVENUE S,AVENUE T,,BROOKLYN,WEST   13 STREET,,Closed,,The Police Department responded to the complaint and determined that police action was not necessary.,01/01/2020 04:22:15 AM,11 BROOKLYN,3070750008.0,BROOKLYN,988451.0,157861.0,ONLINE,Unspecified,BROOKLYN,,,,,,,,40.59996725822215,-73.98487199397105,"(40.599967258222144, -73.98487199397107)"
19,45278654,2020-01-01 00:05:46,2020-01-02 10:00:00,DOT,Department of Transportation,Street Condition,Pothole,,11219.0,1236 49 STREET,49 STREET,12 AVENUE,13 AVENUE,,,ADDRESS,BROOKLYN,,,Closed,,The Department of Transportation inspected this complaint and repaired the problem.,01/02/2020 10:00:00 AM,12 BROOKLYN,3056410019.0,BROOKLYN,986074.0,170918.0,UNKNOWN,Unspecified,BROOKLYN,,,,,,,,40.63580682033814,-73.99342815941051,"(40.63580682033814, -73.99342815941051)"
20,45280025,2020-01-01 00:06:50,2020-01-01 00:06:50,DOHMH,Department of Health and Mental Hygiene,Rodent,Condition Attracting Rodents,3+ Family Apt. Building,10468.0,2625 GRAND CONCOURSE,GRAND CONCOURSE,EAST 192 STREET,EAST 193 STREET,EAST  192 STREET,EAST  193 STREET,ADDRESS,BRONX,GRAND CONCOURSE,,Closed,,This service request was closed because the Department of Health and Mental Hygiene received an earlier complaint about the same location.  You can find inspection results for this address by going to the online Rat Portal at www.nyc.gov/rats.,01/01/2020 12:06:50 AM,07 BRONX,2031680049.0,BRONX,1013268.0,254494.0,MOBILE,Unspecified,BRONX,,,,,,,,40.86515417644589,-73.89508805180566,"(40.865154176445884, -73.89508805180566)"
21,45281599,2020-01-01 00:07:00,2020-01-01 05:18:38,NYPD,New York City Police Department,Noise - Residential,Loud Music/Party,Residential Building/House,10465.0,274 BUTTRICK AVENUE,BUTTRICK AVENUE,HARDING AVENUE,MILES AVENUE,HARDING AVENUE,MILES AVENUE,,BRONX,BUTTRICK AVENUE,,Closed,,The Police Department responded to the complaint and determined that police action was not necessary.,01/01/2020 05:18:40 AM,10 BRONX,2055977501.0,BRONX,1032823.0,236367.0,MOBILE,Unspecified,BRONX,,,,,,,,40.81531500112997,-73.82452015975329,"(40.81531500112997, -73.82452015975328)"
22,45283821,2020-01-01 00:07:33,2020-01-01 01:23:02,NYPD,New York City Police Department,Noise - Street/Sidewalk,Loud Music/Party,Street/Sidewalk,10040.0,45 FAIRVIEW AVENUE,FAIRVIEW AVENUE,BEND,WADSWORTH TERRACE,BEND,WADSWORTH TERRACE,,NEW YORK,FAIRVIEW AVENUE,,Closed,,The Police Department responded to the complaint and with the information available observed no evidence of the violation at that time.,01/01/2020 01:23:04 AM,12 MANHATTAN,1021700520.0,MANHATTAN,1003771.0,251664.0,MOBILE,Unspecified,MANHATTAN,,,,,,,,40.85741279181908,-73.92943181839,"(40.85741279181908, -73.92943181839)"
23,45279022,2020-01-01 00:08:14,2020-01-01 04:16:12,NYPD,New York City Police Department,Noise - Residential,Banging/Pounding,Residential Building/House,11228.0,319 BAY   11 STREET,BAY   11 STREET,CROPSEY AVENUE,INDEPENDENCE AVENUE,CROPSEY AVENUE,INDEPENDENCE AVENUE,,BROOKLYN,BAY   11 STREET,,Closed,,The Police Department responded to the complaint and determined that police action was not necessary.,01/01/2020 04:16:16 AM,11 BROOKLYN,3064600168.0,BROOKLYN,980329.0,159578.0,MOBILE,Unspecified,BROOKLYN,,,,,,,,40.604680202481525,-74.01412070908391,"(40.60468020248152, -74.01412070908391)"
24,45280105,2020-01-01 00:08:23,2020-01-01 01:25:20,NYPD,New York City Police Department,Illegal Fireworks,,Residential Building/House,10040.0,45 SICKLES STREET,SICKLES STREET,NAGLE AVENUE,SHERMAN AVENUE,NAGLE AVENUE,SHERMAN AVENUE,,NEW YORK,SICKLES STREET,,Closed,,The Police Department responded to the complaint and with the information available observed no evidence of the violation at that time.,01/01/2020 01:25:24 AM,12 MANHATTAN,1021740154.0,MANHATTAN,1004206.0,253147.0,ONLINE,Unspecified,MANHATTAN,,,,,,,,40.86148220735698,-73.92785488395077,"(40.86148220735698, -73.92785488395077)"
25,45280305,2020-01-01 00:09:22,2020-01-01 00:15:24,NYPD,New York City Police Department,Noise - Residential,Banging/Pounding,Residential Building/House,10472.0,1246 WHEELER AVENUE,WHEELER AVENUE,WESTCHESTER AVENUE,EAST  172 STREET,WESTCHESTER AVENUE,EAST  172 STREET,,BRONX,WHEELER AVENUE,,Closed,,The Police Department reviewed your complaint and provided additional information below.,01/01/2020 12:15:26 AM,09 BRONX,2037720079.0,BRONX,1017354.0,241591.0,PHONE,Unspecified,BRONX,,,,,,,,40.82972489971614,-73.88037921012027,"(40.82972489971614, -73.88037921012027)"
26,45279616,2020-01-01 00:09:27,2020-01-01 09:57:22,NYPD,New York City Police Department,Blocked Driveway,No Access,Street/Sidewalk,11373.0,52-09 SEABURY STREET,SEABURY STREET,GRAND AVENUE,53 AVENUE,GRAND AVENUE,53 AVENUE,,ELMHURST,SEABURY STREET,,Closed,,The Police Department responded and upon arrival those responsible for the condition were gone.,01/01/2020 09:57:25 AM,04 QUEENS,4028510010.0,QUEENS,1017905.0,207507.0,MOBILE,Unspecified,QUEENS,,,,,,,,40.73617139548209,-73.87855892916194,"(40.73617139548209, -73.87855892916194)"
27,45282759,2020-01-01 00:09:30,2020-01-01 07:47:43,NYPD,New York City Police Department,Noise - Residential,Loud Music/Party,Residential Building/House,11103.0,25-88 46 STREET,46 STREET,25 AVENUE,28 AVENUE,25 AVENUE,28 AVENUE,,ASTORIA,46 STREET,,Closed,,The Police Department responded to the complaint and with the information available observed no evidence of the violation at that time.,01/01/2020 07:47:47 AM,01 QUEENS,4007160079.0,QUEENS,1009934.0,218099.0,MOBILE,Unspecified,QUEENS,,,,,,,,40.76527048266495,-73.90728109315765,"(40.76527048266495, -73.90728109315764)"
28,45285260,2020-01-01 00:09:39,2020-01-06 17:06:32,HPD,Department of Housing Preservation and Development,PLUMBING,WATER SUPPLY,RESIDENTIAL BUILDING,10463.0,99 MARBLE HILL AVENUE,MARBLE HILL AVENUE,,,,,ADDRESS,NEW YORK,,,Closed,,"The Department of Housing Preservation and Development contacted an occupant of the apartment and verified that the following conditions were corrected. The complaint has been closed. If the condition still exists, please file a new complaint.",01/06/2020 05:06:32 PM,08 BRONX,1022150326.0,MANHATTAN,1009347.0,258827.0,PHONE,Unspecified,MANHATTAN,,,,,,,,40.8770589469279,-73.90924783110853,"(40.877058946927896, -73.90924783110853)"
29,45289521,2020-01-01 00:09:42,2020-01-02 06:16:46,HPD,Department of Housing Preservation and Development,HEAT/HOT WATER,APARTMENT ONLY,RESIDENTIAL BUILDING,10031.0,611 WEST  148 STREET,WEST  148 STREET,,,,,ADDRESS,NEW YORK,,,Closed,,The complaint you filed is a duplicate of a condition already reported by another tenant for a building-wide condition. The original complaint is still open. HPD may attempt to contact you to verify the correction of the condition or may conduct an inspection of your unit if the original complainant is not available for verification.,01/02/2020 06:16:46 AM,09 MANHATTAN,1020950023.0,MANHATTAN,998139.0,241193.0,MOBILE,Unspecified,MANHATTAN,,,,,,,,40.82868362208559,-73.94981311246337,"(40.82868362208559, -73.94981311246337)"
30,45280916,2020-01-01 00:09:45,2020-01-01 13:59:39,NYPD,New York City Police Department,Noise - Residential,Loud Music/Party,,10460.0,1826 MARMION AVENUE,MARMION AVENUE,EAST  175 STREET,EAST  176 STREET,EAST  175 STREET,EAST  176 STREET,,BRONX,MARMION AVENUE,,Closed,,The Police Department responded to the complaint and with the information available observed no evidence of the violation at that time.,01/01/2020 01:59:40 PM,06 BRONX,2029580007.0,BRONX,1014936.0,245664.0,PHONE,Unspecified,BRONX,,,,,,,,40.840912830766094,-73.8890979725774,"(40.840912830766094, -73.8890979725774)"
31,45280753,2020-01-01 00:09:51,2020-01-01 03:08:18,NYPD,New York City Police Department,Noise - Residential,Loud Music/Party,Residential Building/House,11223.0,2695 SHELL ROAD,SHELL ROAD,DANK COURT,AVENUE Z,DANK COURT,AVENUE Z,,BROOKLYN,SHELL ROAD,,Closed,,The Police Department responded to the complaint and with the information available observed no evidence of the violation at that time.,01/01/2020 03:08:21 AM,13 BROOKLYN,3072127501.0,BROOKLYN,991357.0,152915.0,ONLINE,Unspecified,BROOKLYN,,,,,,,,40.58638962807592,-73.97441254920983,"(40.58638962807592, -73.97441254920983)"
32,45280049,2020-01-01 00:09:59,2020-01-01 06:40:57,NYPD,New York City Police Department,Illegal Parking,Blocked Hydrant,Street/Sidewalk,11217.0,484 STATE STREET,STATE STREET,NEVINS STREET,3 AVENUE,NEVINS STREET,3 AVENUE,,BROOKLYN,STATE STREET,,Closed,,The Police Department responded to the complaint and with the information available observed no evidence of the violation at that time.,01/01/2020 06:40:59 AM,02 BROOKLYN,3001790017.0,BROOKLYN,989475.0,189312.0,MOBILE,Unspecified,BROOKLYN,,,,,,,,40.68629293677919,-73.98116016161326,"(40.68629293677919, -73.98116016161326)"
33,45279913,2020-01-01 00:10:04,2020-01-01 05:07:46,NYPD,New York City Police Department,Noise - Residential,Loud Music/Party,Residential Building/House,10012.0,50 PRINCE STREET,PRINCE STREET,MULBERRY STREET,LAFAYETTE STREET,MULBERRY STREET,LAFAYETTE STREET,,NEW YORK,PRINCE STREET,,Closed,,The Police Department responded to the complaint and with the information available observed no evidence of the violation at that time.,01/01/2020 05:07:54 AM,02 MANHATTAN,1004950022.0,MANHATTAN,985377.0,202849.0,ONLINE,Unspecified,MANHATTAN,,,,,,,,40.7234502849992,-73.99593409840375,"(40.7234502849992, -73.99593409840375)"
34,45278193,2020-01-01 00:10:07,2020-01-01 03:53:41,NYPD,New York City Police Department,Noise - Residential,Loud Music/Party,Residential Building/House,10002.0,82 RUTGERS SLIP,RUTGERS SLIP,CHERRY STREET,SOUTH STREET,CHERRY STREET,SOUTH STREET,,NEW YORK,RUTGERS SLIP,,Closed,,The Police Department responded to the complaint and determined that police action was not necessary.,01/01/2020 03:53:48 AM,03 MANHATTAN,1002480015.0,MANHATTAN,987060.0,198164.0,ONLINE,Unspecified,MANHATTAN,,,,,,,,40.71059070899555,-73.98986425967938,"(40.710590708995554, -73.98986425967938)"
35,45279598,2020-01-01 00:10:20,2020-01-01 00:10:22,EDC,Economic Development Corporation,Noise - Helicopter,Other,Above Address,10016.0,262 EAST   28 STREET,EAST   28 STREET,3 AVENUE,2 AVENUE,3 AVENUE,2 AVENUE,,NEW YORK,EAST   28 STREET,,Closed,,,,06 MANHATTAN,,MANHATTAN,990054.0,209316.0,ONLINE,Unspecified,MANHATTAN,,,,,,,,40.74119877961325,-73.97905520899762,"(40.74119877961325, -73.97905520899762)"
36,45283069,2020-01-01 00:10:35,2020-01-01 06:50:19,NYPD,New York City Police Department,Noise - Street/Sidewalk,Loud Music/Party,Street/Sidewalk,11229.0,1815 EAST   17 STREET,EAST   17 STREET,AVENUE R,MOORE PLACE,AVENUE R,MOORE PLACE,,BROOKLYN,EAST   17 STREET,,Closed,,The Police Department responded to the complaint and with the information available observed no evidence of the violation at that time.,01/01/2020 06:50:22 AM,15 BROOKLYN,3068210275.0,BROOKLYN,996536.0,159911.0,MOBILE,Unspecified,BROOKLYN,,,,,,,,40.605586570194475,-73.95575378891145,"(40.605586570194475, -73.95575378891145)"
37,45281799,2020-01-01 00:10:56,2020-01-03 03:28:49,NYPD,New York City Police Department,Illegal Parking,Blocked Hydrant,Street/Sidewalk,10466.0,4327 WILDER AVENUE,WILDER AVENUE,PITMAN AVENUE,NEREID AVENUE,PITMAN AVENUE,NEREID AVENUE,,BRONX,WILDER AVENUE,,Closed,,The Police Department responded to the complaint and with the information available observed no evidence of the violation at that time.,01/03/2020 03:28:50 AM,12 BRONX,2050580067.0,BRONX,1027458.0,266456.0,PHONE,Unspecified,BRONX,,,,,,,,40.89792803897644,-73.8437083217415,"(40.89792803897644, -73.8437083217415)"
38,45281803,2020-01-01 00:11:00,2020-01-01 01:56:52,NYPD,New York City Police Department,Noise - Commercial,Loud Music/Party,,11209.0,8424 3 AVENUE,3 AVENUE,84 STREET,85 STREET,84 STREET,85 STREET,,BROOKLYN,3 AVENUE,,Closed,,The Police Department responded to the complaint and took action to fix the condition.,01/01/2020 01:56:57 AM,10 BROOKLYN,3060240047.0,BROOKLYN,975776.0,166907.0,PHONE,Unspecified,BROOKLYN,,,,,,,,40.62479360728003,-74.03052663868758,"(40.62479360728003, -74.03052663868758)"
39,45280656,2020-01-01 00:11:00,2020-01-01 07:07:10,NYPD,New York City Police Department,Noise - Residential,Loud Music/Party,Residential Building/House,11237.0,330 HARMAN STREET,HARMAN STREET,KNICKERBOCKER AVENUE,IRVING AVENUE,KNICKERBOCKER AVENUE,IRVING AVENUE,,BROOKLYN,HARMAN STREET,,Closed,,The Police Department responded to the complaint and with the information available observed no evidence of the violation at that time.,01/01/2020 07:07:16 AM,04 BROOKLYN,3032890023.0,BROOKLYN,1006903.0,194488.0,ONLINE,Unspecified,BROOKLYN,,,,,,,,40.70047240665239,-73.91830245183303,"(40.70047240665239, -73.91830245183303)"
40,45280814,2020-01-01 00:11:14,2020-01-01 01:21:17,NYPD,New York City Police Department,Noise - Street/Sidewalk,Loud Music/Party,Street/Sidewalk,10034.0,4901 BROADWAY,BROADWAY,WEST  204 STREET,WEST  207 STREET,WEST  204 STREET,WEST  207 STREET,,NEW YORK,BROADWAY,,Closed,,The Police Department responded to the complaint and with the information available observed no evidence of the violation at that time.,01/01/2020 01:21:19 AM,12 MANHATTAN,1022410035.0,MANHATTAN,1005726.0,255266.0,ONLINE,Unspecified,MANHATTAN,,,,,,,,40.867294651508615,-73.92235297819512,"(40.86729465150862, -73.92235297819512)"
41,45283276,2020-01-01 00:11:21,2020-01-01 15:02:37,NYPD,New York City Police Department,Noise - Residential,Loud Music/Party,Residential Building/House,11220.0,683 51 STREET,51 STREET,6 AVENUE,7 AVENUE,6 AVENUE,7 AVENUE,,BROOKLYN,51 STREET,,Closed,,The Police Department responded to the complaint and with the information available observed no evidence of the violation at that time.,01/01/2020 03:02:40 PM,07 BROOKLYN,3007930038.0,BROOKLYN,982287.0,173263.0,ONLINE,Unspecified,BROOKLYN,,,,,,,,40.64224331435751,-74.00707333743664,"(40.64224331435751, -74.00707333743664)"
42,45284471,2020-01-01 00:11:35,2020-01-01 01:44:56,NYPD,New York City Police Department,Noise - Residential,Loud Music/Party,Residential Building/House,10456.0,1221 COLLEGE AVENUE,COLLEGE AVENUE,EAST  167 STREET,EAST  168 STREET,EAST  167 STREET,EAST  168 STREET,,BRONX,COLLEGE AVENUE,,Closed,,The Police Department responded to the complaint and took action to fix the condition.,01/01/2020 01:44:57 AM,04 BRONX,2024390080.0,BRONX,1008281.0,242832.0,MOBILE,Unspecified,BRONX,,,,,,,,40.83316043314273,-73.91315988360401,"(40.833160433142744, -73.91315988360402)"
43,45279343,2020-01-01 00:11:52,2020-01-01 03:19:01,NYPD,New York City Police Department,Noise - Residential,Loud Music/Party,Residential Building/House,11235.0,2407 EAST   15 STREET,EAST   15 STREET,AVENUE X,AVENUE Y,AVENUE X,AVENUE Y,,BROOKLYN,EAST   15 STREET,,Closed,,The Police Department responded to the complaint and with the information available observed no evidence of the violation at that time.,01/01/2020 03:19:05 AM,15 BROOKLYN,3074170075.0,BROOKLYN,996731.0,154888.0,ONLINE,Unspecified,BROOKLYN,,,,,,,,40.59179918056324,-73.95506080572146,"(40.591799180563235, -73.95506080572147)"
44,45288254,2020-01-01 00:12:30,2020-01-10 12:02:01,HPD,Department of Housing Preservation and Development,DOOR/WINDOW,DOOR,RESIDENTIAL BUILDING,10463.0,99 MARBLE HILL AVENUE,MARBLE HILL AVENUE,,,,,ADDRESS,NEW YORK,,,Closed,,The Department of Housing Preservation and Development inspected the following conditions. No violations were issued. The complaint has been closed.,01/10/2020 12:02:01 PM,08 BRONX,1022150326.0,MANHATTAN,1009347.0,258827.0,PHONE,Unspecified,MANHATTAN,,,,,,,,40.8770589469279,-73.90924783110853,"(40.877058946927896, -73.90924783110853)"
45,45283614,2020-01-01 00:12:32,2020-01-01 02:58:34,NYPD,New York City Police Department,Noise - Street/Sidewalk,Loud Music/Party,Street/Sidewalk,10031.0,501 WEST  139 STREET,WEST  139 STREET,AMSTERDAM AVENUE,HAMILTON PLACE,AMSTERDAM AVENUE,HAMILTON PLACE,,NEW YORK,WEST  139 STREET,,Closed,,The Police Department responded to the complaint and with the information available observed no evidence of the violation at that time.,01/01/2020 02:58:38 AM,09 MANHATTAN,1020710029.0,MANHATTAN,997914.0,238598.0,ONLINE,Unspecified,MANHATTAN,,,,,,,,40.82156143682672,-73.95063141802162,"(40.82156143682672, -73.95063141802162)"
46,45281904,2020-01-01 00:12:37,2020-01-01 13:46:46,NYPD,New York City Police Department,Illegal Parking,Blocked Hydrant,,10470.0,221 EAST  237 STREET,EAST  237 STREET,KEPLER AVENUE,KATONAH AVENUE,KEPLER AVENUE,KATONAH AVENUE,,BRONX,EAST  237 STREET,,Closed,,The Police Department responded and upon arrival those responsible for the condition were gone.,01/01/2020 01:46:49 PM,12 BRONX,,BRONX,1020229.0,266726.0,PHONE,Unspecified,BRONX,,,,,,,,40.898701541349396,-73.86985551710447,"(40.8987015413494, -73.86985551710447)"
47,45288483,2020-01-01 00:12:46,2020-01-03 15:33:19,HPD,Department of Housing Preservation and Development,HEAT/HOT WATER,ENTIRE BUILDING,RESIDENTIAL BUILDING,10016.0,11 EAST   32 STREET,EAST   32 STREET,,,,,ADDRESS,NEW YORK,,,Closed,,"The Department of Housing Preservation and Development responded to a complaint of no heat or hot water and was advised by a tenant in the building that heat and hot water had been restored. If the condition still exists, please file a new complaint.",01/03/2020 03:33:19 PM,05 MANHATTAN,1008620011.0,MANHATTAN,988478.0,211372.0,MOBILE,Unspecified,MANHATTAN,,,,,,,,40.74684287943657,-73.98474119946195,"(40.74684287943657, -73.98474119946196)"
48,45280161,2020-01-01 00:13:33,2020-01-01 04:32:58,NYPD,New York City Police Department,Noise - Street/Sidewalk,Loud Talking,Street/Sidewalk,10013.0,160 MOTT STREET,MOTT STREET,GRAND STREET,BROOME STREET,GRAND STREET,BROOME STREET,,NEW YORK,MOTT STREET,,Closed,,The Police Department responded to the complaint and with the information available observed no evidence of the violation at that time.,01/01/2020 04:32:59 AM,02 MANHATTAN,1004700005.0,MANHATTAN,985291.0,201451.0,PHONE,Unspecified,MANHATTAN,,,,,,,,40.71961312308436,-73.99624457863784,"(40.71961312308436, -73.99624457863784)"
49,45285312,2020-01-01 00:13:46,2020-01-02 02:09:02,HPD,Department of Housing Preservation and Development,HEAT/HOT WATER,ENTIRE BUILDING,RESIDENTIAL BUILDING,10452.0,11 WEST  172 STREET,WEST  172 STREET,,,,,ADDRESS,BRONX,,,Closed,,"The Department of Housing Preservation and Development was not able to gain access to your apartment or others in the building to inspect for a lack of heat or hot water. The complaint has been closed. If the condition still exists, please file a new complaint.",01/02/2020 02:09:02 AM,04 BRONX,2028590092.0,BRONX,1007232.0,246159.0,ONLINE,Unspecified,BRONX,,,,,,,,40.84229487094838,-73.91693922160906,"(40.84229487094838, -73.91693922160907)"
50,45281844,2020-01-01 00:14:14,2020-01-01 03:21:11,NYPD,New York City Police Department,Noise - Street/Sidewalk,Loud Music/Party,Street/Sidewalk,11420.0,116-50 120 STREET,120 STREET,ROCKAWAY BOULEVARD,SUTTER AVENUE,ROCKAWAY BOULEVARD,SUTTER AVENUE,,SOUTH OZONE PARK,120 STREET,,Closed,,The Police Department responded to the complaint and with the information available observed no evidence of the violation at that time.,01/01/2020 03:21:15 AM,10 QUEENS,4117120066.0,QUEENS,1034651.0,185488.0,MOBILE,Unspecified,QUEENS,,,,,,,,40.67565498917981,-73.81829743393693,"(40.67565498917981, -73.81829743393693)"
51,45278781,2020-01-01 00:14:18,2020-01-01 02:59:01,NYPD,New York City Police Department,Blocked Driveway,No Access,,11230.0,315 WEBSTER AVENUE,WEBSTER AVENUE,OCEAN PARKWAY,EAST    8 STREET,OCEAN PARKWAY,EAST    8 STREET,,BROOKLYN,WEBSTER AVENUE,,Closed,,The Police Department responded and upon arrival those responsible for the condition were gone.,01/01/2020 02:59:04 AM,14 BROOKLYN,3054170043.0,BROOKLYN,992602.0,169998.0,PHONE,Unspecified,BROOKLYN,,,,,,,,40.6332778661045,-73.96990902761902,"(40.6332778661045, -73.96990902761902)"
52,45280141,2020-01-01 00:14:56,2020-01-01 06:51:18,NYPD,New York City Police Department,Illegal Fireworks,,Street/Sidewalk,11229.0,2723 AVENUE U,AVENUE U,EAST   27 STREET,EAST   28 STREET,EAST   27 STREET,EAST   28 STREET,,BROOKLYN,AVENUE U,,Closed,,Your request can not be processed at this time because of insufficient contact information. Please create a new Service Request on NYC.gov and provide more detailed contact information.,01/01/2020 06:51:22 AM,15 BROOKLYN,3073320046.0,BROOKLYN,999674.0,157933.0,ONLINE,Unspecified,BROOKLYN,,,,,,,,40.60015245741605,-73.94445726572755,"(40.60015245741605, -73.94445726572754)"
53,45281909,2020-01-01 00:14:58,2020-01-09 10:45:05,DOT,Department of Transportation,Sidewalk Condition,Sidewalk Violation,Sidewalk,11228.0,21 BAY   10 STREET,BAY   10 STREET,86 STREET,BENSON AVENUE,86 STREET,BENSON AVENUE,,BROOKLYN,BAY   10 STREET,,Closed,,A sidewalk dismissal inspection (work done by owner) has been scheduled. Department of Transportation is in direct contact with the responsible party.,01/09/2020 10:45:07 AM,11 BROOKLYN,3063610031.0,BROOKLYN,981669.0,161674.0,ONLINE,Unspecified,BROOKLYN,,,,,,,,40.61043378502635,-74.00929576412662,"(40.61043378502635, -74.00929576412663)"
54,45290588,2020-01-01 00:15:21,2020-01-02 23:45:00,DOT,Department of Transportation,Street Condition,Pothole,,10017.0,307 MADISON AVENUE,MADISON AVENUE,EAST   41 STREET,EAST   42 STREET,,,ADDRESS,NEW YORK,,,Closed,,The Department of Transportation inspected this complaint and repaired the problem.,01/02/2020 11:45:00 PM,05 MANHATTAN,1012760051.0,MANHATTAN,989920.0,213413.0,UNKNOWN,Unspecified,MANHATTAN,,,,,,,,40.752444102570024,-73.97953531832873,"(40.75244410257002, -73.97953531832874)"
55,45280949,2020-01-01 00:15:45,2020-01-01 01:49:49,NYPD,New York City Police Department,Noise - Commercial,Loud Music/Party,Store/Commercial,11220.0,6804 FOURTH AVENUE,FOURTH AVENUE,68 STREET,BAY RIDGE AVENUE,68 STREET,BAY RIDGE AVENUE,,BROOKLYN,4 AVENUE,,Closed,,The Police Department responded to the complaint and determined that police action was not necessary.,01/01/2020 01:49:52 AM,10 BROOKLYN,3058630039.0,BROOKLYN,977784.0,170696.0,MOBILE,Unspecified,BROOKLYN,,,,,,,,40.63519530532563,-74.02329667342046,"(40.63519530532563, -74.02329667342045)"
56,45278396,2020-01-01 00:15:55,2020-01-01 11:06:07,NYPD,New York City Police Department,Illegal Parking,Blocked Hydrant,Street/Sidewalk,11378.0,60-17 59 ROAD,59 ROAD,60 STREET,60 LANE,60 STREET,60 LANE,,MASPETH,59 ROAD,,Closed,,The Police Department responded and upon arrival those responsible for the condition were gone.,01/01/2020 11:06:12 AM,05 QUEENS,4027280088.0,QUEENS,1010402.0,200944.0,MOBILE,Unspecified,QUEENS,,,,,,,,40.718182937426654,-73.90565831800564,"(40.718182937426654, -73.90565831800562)"
57,45278575,2020-01-01 00:15:58,2020-01-01 05:19:18,NYPD,New York City Police Department,Noise - Street/Sidewalk,Loud Music/Party,Street/Sidewalk,10464.0,45 WINTERS STREET,WINTERS STREET,DEAD END,CITY ISLAND AVENUE,DEAD END,CITY ISLAND AVENUE,,BRONX,WINTERS STREET,,Closed,,The Police Department responded to the complaint and with the information available observed no evidence of the violation at that time.,01/01/2020 05:19:20 AM,10 BRONX,2056260387.0,BRONX,1043014.0,246574.0,MOBILE,Unspecified,BRONX,,,,,,,,40.843268300615456,-73.78761382579795,"(40.843268300615456, -73.78761382579795)"
58,45289096,2020-01-01 00:15:59,2020-01-02 02:09:02,HPD,Department of Housing Preservation and Development,HEAT/HOT WATER,ENTIRE BUILDING,RESIDENTIAL BUILDING,10452.0,11 WEST  172 STREET,WEST  172 STREET,,,,,ADDRESS,BRONX,,,Closed,,The complaint you filed is a duplicate of a condition already reported by another tenant for a building-wide condition. The original complaint is still open. HPD may attempt to contact you to verify the correction of the condition or may conduct an inspection of your unit if the original complainant is not available for verification.,01/02/2020 02:09:02 AM,04 BRONX,2028590092.0,BRONX,1007232.0,246159.0,ONLINE,Unspecified,BRONX,,,,,,,,40.84229487094838,-73.91693922160906,"(40.84229487094838, -73.91693922160907)"
59,45277686,2020-01-01 00:16:02,2020-01-01 00:16:04,EDC,Economic Development Corporation,Noise - Helicopter,Other,Above Address,10016.0,244 EAST   28 STREET,EAST   28 STREET,3 AVENUE,2 AVENUE,3 AVENUE,2 AVENUE,,NEW YORK,EAST   28 STREET,,Closed,,,,06 MANHATTAN,1009080034.0,MANHATTAN,990010.0,209341.0,ONLINE,Unspecified,MANHATTAN,,,,,,,,40.74126742715564,-73.97921396959704,"(40.74126742715564, -73.97921396959705)"
60,45291567,2020-01-01 00:16:19,2020-01-03 00:10:00,DOT,Department of Transportation,Street Condition,Pothole,,10173.0,342 MADISON AVENUE,MADISON AVENUE,EAST   43 STREET,EAST   44 STREET,,,ADDRESS,NEW YORK,,,Closed,,The Department of Transportation inspected this complaint and repaired the problem.,01/03/2020 12:10:00 AM,05 MANHATTAN,1012780014.0,MANHATTAN,990217.0,213958.0,UNKNOWN,Unspecified,MANHATTAN,,,,,,,,40.753939793888335,-73.97846287522192,"(40.753939793888335, -73.97846287522192)"
61,45278845,2020-01-01 00:16:31,2020-03-13 15:23:31,TLC,Taxi and Limousine Commission,Taxi Complaint,Driver Complaint - Passenger,,11212.0,175 TAPSCOTT STREET,TAPSCOTT STREET,BLAKE AVENUE,DUMONT AVENUE,BLAKE AVENUE,DUMONT AVENUE,,BROOKLYN,TAPSCOTT STREET,,Closed,,"A representative from the Taxi and Limousine Commission (TLC) called and left a message for you and emailed you but has not been able to get in touch with you to confirm the details of your complaint. As a result, the TLC has closed your complaint. If you would like to have your complaint reopened, please call (212) 676-1046.",03/13/2020 03:23:35 PM,16 BROOKLYN,3035500016.0,BROOKLYN,1006511.0,180934.0,PHONE,Unspecified,BROOKLYN,,,"175 TAPSCOTT STREET, BROOKLYN, NY, 11212",,,,,40.66327077023985,-73.91976096651595,"(40.66327077023984, -73.91976096651595)"
62,45280757,2020-01-01 00:16:36,2020-01-01 06:34:27,NYPD,New York City Police Department,Noise - Residential,Loud Music/Party,Residential Building/House,11231.0,203 HUNTINGTON STREET,HUNTINGTON STREET,COURT STREET,SMITH STREET,COURT STREET,SMITH STREET,,BROOKLYN,HUNTINGTON STREET,,Closed,,The Police Department responded to the complaint and with the information available observed no evidence of the violation at that time.,01/01/2020 06:34:31 AM,06 BROOKLYN,3004740038.0,BROOKLYN,984796.0,185405.0,MOBILE,Unspecified,BROOKLYN,,,,,,,,40.67557063450101,-73.9980315984911,"(40.67557063450101, -73.9980315984911)"
63,45281372,2020-01-01 00:17:03,2020-01-01 01:49:50,NYPD,New York City Police Department,Blocked Driveway,No Access,,10033.0,4172 BROADWAY,BROADWAY,WEST  176 STREET,WEST  177 STREET,WEST  176 STREET,WEST  177 STREET,,NEW YORK,BROADWAY,,Closed,,The Police Department responded to the complaint and with the information available observed no evidence of the violation at that time.,01/01/2020 01:49:52 AM,12 MANHATTAN,1021450015.0,MANHATTAN,1001378.0,247995.0,PHONE,Unspecified,MANHATTAN,,,,,,,,40.84734744600274,-73.9380918554162,"(40.84734744600274, -73.9380918554162)"
64,45283810,2020-01-01 00:17:10,2020-01-01 00:17:14,EDC,Economic Development Corporation,Noise - Helicopter,Other,Above Address,10016.0,239 EAST   28 STREET,EAST   28 STREET,3 AVENUE,2 AVENUE,3 AVENUE,2 AVENUE,,NEW YORK,EAST   28 STREET,,Closed,,,,06 MANHATTAN,1009090020.0,MANHATTAN,989999.0,209354.0,ONLINE,Unspecified,MANHATTAN,,,,,,,,40.7413031160762,-73.979253654029,"(40.741303116076196, -73.97925365402898)"
65,45281907,2020-01-01 00:17:26,2020-01-01 03:21:40,NYPD,New York City Police Department,Noise - Street/Sidewalk,Loud Music/Party,Street/Sidewalk,11420.0,116-52 120 STREET,120 STREET,ROCKAWAY BOULEVARD,SUTTER AVENUE,ROCKAWAY BOULEVARD,SUTTER AVENUE,,SOUTH OZONE PARK,120 STREET,,Closed,,The Police Department responded to the complaint and with the information available observed no evidence of the violation at that time.,01/01/2020 03:21:42 AM,10 QUEENS,,QUEENS,1034651.0,185488.0,MOBILE,Unspecified,QUEENS,,,,,,,,40.67565498917981,-73.81829743393693,"(40.67565498917981, -73.81829743393693)"
66,45281791,2020-01-01 00:17:56,2020-01-01 03:08:56,NYPD,New York City Police Department,Noise - Residential,Loud Music/Party,,11223.0,2695 SHELL ROAD,SHELL ROAD,DANK COURT,AVENUE Z,DANK COURT,AVENUE Z,,BROOKLYN,SHELL ROAD,,Closed,,The Police Department responded to the complaint and with the information available observed no evidence of the violation at that time.,01/01/2020 03:09:00 AM,13 BROOKLYN,3072127501.0,BROOKLYN,991357.0,152915.0,PHONE,Unspecified,BROOKLYN,,,,,,,,40.58638962807592,-73.97441254920983,"(40.58638962807592, -73.97441254920983)"
67,45280447,2020-01-01 00:18:42,2020-01-01 07:42:26,NYPD,New York City Police Department,Blocked Driveway,No Access,Street/Sidewalk,10017.0,299 MADISON AVENUE,MADISON AVENUE,MADISON AVENUE,PARK AVENUE,MADISON AVENUE,PARK AVENUE,,NEW YORK,MADISON AVENUE,,Closed,,The Police Department responded to the complaint and took action to fix the condition.,01/01/2020 07:42:27 AM,05 MANHATTAN,1012760023.0,MANHATTAN,989953.0,213288.0,PHONE,Unspecified,MANHATTAN,,,,,,,,40.75210098800935,-73.97941631773456,"(40.752100988009346, -73.97941631773456)"
68,45282589,2020-01-01 00:18:49,2020-01-01 01:56:25,NYPD,New York City Police Department,Noise - Commercial,Loud Music/Party,,11209.0,8424 3 AVENUE,3 AVENUE,84 STREET,85 STREET,84 STREET,85 STREET,,BROOKLYN,3 AVENUE,,Closed,,The Police Department responded to the complaint and took action to fix the condition.,01/01/2020 01:56:28 AM,10 BROOKLYN,3060240047.0,BROOKLYN,975776.0,166907.0,PHONE,Unspecified,BROOKLYN,,,,,,,,40.62479360728003,-74.03052663868758,"(40.62479360728003, -74.03052663868758)"
69,45284607,2020-01-01 00:18:54,2020-01-01 01:45:14,NYPD,New York City Police Department,Noise - Residential,Banging/Pounding,Residential Building/House,10456.0,1221 COLLEGE AVENUE,COLLEGE AVENUE,EAST  167 STREET,EAST  168 STREET,EAST  167 STREET,EAST  168 STREET,,BRONX,COLLEGE AVENUE,,Closed,,The Police Department responded to the complaint and took action to fix the condition.,01/01/2020 01:45:17 AM,04 BRONX,2024390080.0,BRONX,1008281.0,242832.0,MOBILE,Unspecified,BRONX,,,,,,,,40.83316043314273,-73.91315988360401,"(40.833160433142744, -73.91315988360402)"
70,45277961,2020-01-01 00:18:57,2020-01-01 01:21:08,NYPD,New York City Police Department,Noise - Residential,Loud Music/Party,Residential Building/House,11215.0,11 STREET,11 STREET,3 AVENUE,4 AVENUE,3 AVENUE,4 AVENUE,,,,,Closed,,The Police Department responded to the complaint and with the information available observed no evidence of the violation at that time.,01/01/2020 01:21:11 AM,Unspecified BROOKLYN,,BROOKLYN,,,PHONE,Unspecified,BROOKLYN,,,,,,,,,,
71,45281596,2020-01-01 00:19:33,2020-01-01 04:32:29,NYPD,New York City Police Department,Noise - Residential,Loud Music/Party,Residential Building/House,10013.0,33 PELL STREET,PELL STREET,DOYERS STREET,MOTT STREET,DOYERS STREET,MOTT STREET,,NEW YORK,PELL STREET,,Closed,,The Police Department responded to the complaint and with the information available observed no evidence of the violation at that time.,01/01/2020 04:32:36 AM,03 MANHATTAN,1001620018.0,MANHATTAN,984731.0,199720.0,ONLINE,Unspecified,MANHATTAN,,,,,,,,40.71486199146536,-73.9982649097847,"(40.71486199146536, -73.99826490978468)"
72,45284178,2020-01-01 00:19:40,2020-01-01 02:36:01,NYPD,New York City Police Department,Blocked Driveway,No Access,Street/Sidewalk,11228.0,1331 78 STREET,78 STREET,13 AVENUE,14 AVENUE,13 AVENUE,14 AVENUE,,BROOKLYN,78 STREET,,Closed,,The Police Department issued a summons in response to the complaint.,01/01/2020 02:36:02 AM,10 BROOKLYN,3062440059.0,BROOKLYN,981916.0,164469.0,PHONE,Unspecified,BROOKLYN,,,,,,,,40.61810555119453,-74.00840713176001,"(40.61810555119453, -74.00840713176002)"
73,45333904,2020-01-01 00:20:00,2020-01-01 00:50:00,DOT,Department of Transportation,Traffic Signal Condition,LED Lense,,11218.0,,,,,12 AVENUE,39 STREET,INTERSECTION,BROOKLYN,,,Closed,,Service Request status for this request is available on the Department of Transportationâs website. Please click the âLearn Moreâ link below.,01/01/2020 12:50:00 AM,12 BROOKLYN,,BROOKLYN,987443.0,173158.0,UNKNOWN,Unspecified,BROOKLYN,,,,,,,,40.641954753879034,-73.98849461599339,"(40.64195475387904, -73.98849461599339)"
74,45282449,2020-01-01 00:20:13,2020-01-01 00:30:22,NYPD,New York City Police Department,Noise - Residential,Loud Music/Party,,10462.0,1700 METROPOLITAN AVENUE,METROPOLITAN AVENUE,LINDEN DRIVE,PURDY STREET,LINDEN DRIVE,PURDY STREET,,BRONX,METROPOLITAN AVENUE,,Closed,,The Police Department reviewed your complaint and provided additional information below.,01/01/2020 12:30:25 AM,09 BRONX,2039437501.0,BRONX,1024556.0,245559.0,PHONE,Unspecified,BRONX,,,,,,,,40.84058596809541,-73.85433109493906,"(40.840585968095404, -73.85433109493906)"
75,45284239,2020-01-01 00:20:46,2020-01-02 13:20:00,DOT,Department of Transportation,Street Condition,Pothole,,10003.0,,,,,3 AVENUE,EAST 14 STREET,INTERSECTION,NEW YORK,,,Closed,,The Department of Transportation inspected this complaint and repaired the problem.,01/02/2020 01:20:00 PM,03 MANHATTAN,,MANHATTAN,987803.0,206435.0,UNKNOWN,Unspecified,MANHATTAN,,,,,,,,40.73329233817604,-73.98717987386496,"(40.73329233817604, -73.98717987386496)"
76,45278177,2020-01-01 00:20:57,2020-01-01 10:04:37,NYPD,New York City Police Department,Noise - Residential,Loud Music/Party,Residential Building/House,10460.0,1705 HOE AVENUE,HOE AVENUE,EAST  173 STREET,EAST  174 STREET,EAST  173 STREET,EAST  174 STREET,,BRONX,HOE AVENUE,,Closed,,The Police Department responded to the complaint and took action to fix the condition.,01/01/2020 10:04:40 AM,03 BRONX,2029830030.0,BRONX,1015446.0,244002.0,ONLINE,Unspecified,BRONX,,,,,,,,40.83634934042209,-73.88726251817741,"(40.83634934042209, -73.88726251817741)"
77,45278181,2020-01-01 00:21:03,2020-01-01 03:05:49,NYPD,New York City Police Department,Noise - Residential,Loud Music/Party,Residential Building/House,11226.0,14 MARTENSE COURT,MARTENSE COURT,DEAD END,MARTENSE STREET,DEAD END,MARTENSE STREET,,BROOKLYN,MARTENSE COURT,,Closed,,The Police Department responded to the complaint and with the information available observed no evidence of the violation at that time.,01/01/2020 03:05:54 AM,14 BROOKLYN,3050860082.0,BROOKLYN,995901.0,176595.0,MOBILE,Unspecified,BROOKLYN,,,,,,,,40.651381487375566,-73.9580118464542,"(40.65138148737557, -73.9580118464542)"
78,45283752,2020-01-01 00:21:29,2020-01-01 03:38:23,NYPD,New York City Police Department,Noise - Street/Sidewalk,Loud Music/Party,Street/Sidewalk,11230.0,1010 AVENUE N,AVENUE N,EAST   10 STREET,CONEY ISLAND AVENUE,EAST   10 STREET,CONEY ISLAND AVENUE,,BROOKLYN,AVENUE N,,Closed,,The Police Department responded and upon arrival those responsible for the condition were gone.,01/01/2020 03:38:27 AM,12 BROOKLYN,3065920004.0,BROOKLYN,994207.0,163380.0,MOBILE,Unspecified,BROOKLYN,,,,,,,,40.61511118460329,-73.96413622187085,"(40.6151111846033, -73.96413622187085)"
79,45283819,2020-01-01 00:21:30,2020-01-01 01:41:55,NYPD,New York City Police Department,Illegal Parking,Double Parked Blocking Vehicle,Street/Sidewalk,10452.0,975 WALTON AVENUE,WALTON AVENUE,EAST  161 STREET,EAST  164 STREET,EAST  161 STREET,EAST  164 STREET,,BRONX,WALTON AVENUE,,Closed,,The Police Department responded and upon arrival those responsible for the condition were gone.,01/01/2020 01:41:56 AM,04 BRONX,2024760022.0,BRONX,1005614.0,241459.0,PHONE,Unspecified,BRONX,,,,,,,,40.82939879796543,-73.92280191014713,"(40.829398797965425, -73.92280191014713)"
80,45281843,2020-01-01 00:21:31,2020-01-01 03:37:58,NYPD,New York City Police Department,Noise - Street/Sidewalk,Loud Music/Party,Street/Sidewalk,11230.0,961 EAST    7 STREET,EAST    7 STREET,DEAD END,AVENUE I,DEAD END,AVENUE I,,BROOKLYN,EAST    7 STREET,,Closed,,The Police Department responded to the complaint and with the information available observed no evidence of the violation at that time.,01/01/2020 03:38:02 AM,12 BROOKLYN,3065100066.0,BROOKLYN,992667.0,167877.0,ONLINE,Unspecified,BROOKLYN,,,,,,,,40.627456107825495,-73.96967748784385,"(40.62745610782549, -73.96967748784384)"
81,45282875,2020-01-01 00:21:55,2020-01-01 03:46:39,NYPD,New York City Police Department,Noise - Residential,Loud Music/Party,Residential Building/House,11423.0,183-18 91 AVENUE,91 AVENUE,183 STREET,184 STREET,183 STREET,184 STREET,,HOLLIS,91 AVENUE,,Closed,,The Police Department responded to the complaint and with the information available observed no evidence of the violation at that time.,01/01/2020 03:46:42 AM,12 QUEENS,4099030036.0,QUEENS,1045958.0,198146.0,ONLINE,Unspecified,QUEENS,,,,,,,,40.710326562752,-73.77741834276719,"(40.710326562752, -73.77741834276719)"
82,45287663,2020-01-01 00:22:01,2020-01-03 15:47:55,HPD,Department of Housing Preservation and Development,HEAT/HOT WATER,ENTIRE BUILDING,RESIDENTIAL BUILDING,10452.0,111 EAST  172 STREET,EAST  172 STREET,,,,,ADDRESS,BRONX,,,Closed,,"The Department of Housing Preservation and Development responded to a complaint of no heat or hot water and was advised by a tenant in the building that heat and hot water had been restored. If the condition still exists, please file a new complaint.",01/03/2020 03:47:55 PM,04 BRONX,2028350012.0,BRONX,1008030.0,245855.0,ONLINE,Unspecified,BRONX,,,,,,,,40.841458367221215,-73.91405619639472,"(40.84145836722121, -73.91405619639474)"
83,45281323,2020-01-01 00:22:26,2020-01-01 00:22:28,EDC,Economic Development Corporation,Noise - Helicopter,Other,Above Address,10016.0,326 EAST   28 STREET,EAST   28 STREET,MOUNT CARMEL PLACE,1 AVENUE,MOUNT CARMEL PLACE,1 AVENUE,,NEW YORK,EAST   28 STREET,,Closed,,,,06 MANHATTAN,,MANHATTAN,990585.0,209015.0,ONLINE,Unspecified,MANHATTAN,,,,,,,,40.74037224508269,-73.97713928235217,"(40.74037224508269, -73.97713928235217)"
84,45284151,2020-01-01 00:22:48,2020-01-01 05:03:31,NYPD,New York City Police Department,Noise - Residential,Loud Music/Party,Residential Building/House,10013.0,123 MULBERRY STREET,MULBERRY STREET,CANAL STREET,HESTER STREET,CANAL STREET,HESTER STREET,,NEW YORK,MULBERRY STREET,,Closed,,The Police Department responded to the complaint and with the information available observed no evidence of the violation at that time.,01/01/2020 05:03:35 AM,02 MANHATTAN,1002060017.0,MANHATTAN,984775.0,200826.0,ONLINE,Unspecified,MANHATTAN,,,,,,,,40.71789769401913,-73.99810610425577,"(40.717897694019136, -73.99810610425577)"
85,45280138,2020-01-01 00:23:17,2020-01-01 11:08:46,NYPD,New York City Police Department,Noise - Street/Sidewalk,Loud Music/Party,Street/Sidewalk,11361.0,41-42 CORPORAL KENNEDY STREET,CORPORAL KENNEDY STREET,LIRR PORT WASHINGTON LINE,42 AVENUE,LIRR PORT WASHINGTON LINE,42 AVENUE,,BAYSIDE,CORPORAL KENNEDY STREET,,Closed,,The Police Department responded to the complaint and determined that police action was not necessary.,01/01/2020 11:08:49 AM,11 QUEENS,4062260001.0,QUEENS,1046496.0,217113.0,MOBILE,Unspecified,QUEENS,,,,,,,,40.762382350983856,-73.77530228677367,"(40.76238235098386, -73.77530228677367)"
86,45284581,2020-01-01 00:23:29,2020-01-01 01:54:52,NYPD,New York City Police Department,Noise - Residential,Banging/Pounding,Residential Building/House,11236.0,9301 FOSTER AVENUE,FOSTER AVENUE,EAST   93 STREET,EAST   94 STREET,EAST   93 STREET,EAST   94 STREET,,BROOKLYN,FOSTER AVENUE,,Closed,,The Police Department responded to the complaint and with the information available observed no evidence of the violation at that time.,01/01/2020 01:54:52 AM,18 BROOKLYN,3081260010.0,BROOKLYN,1009559.0,174766.0,MOBILE,Unspecified,BROOKLYN,,,,,,,,40.64633277987409,-73.90879770675446,"(40.64633277987409, -73.90879770675446)"
87,45280073,2020-01-01 00:23:45,2020-01-01 11:02:10,NYPD,New York City Police Department,Illegal Parking,Blocked Hydrant,Street/Sidewalk,11366.0,73-28 197 STREET,197 STREET,73 AVENUE,75 AVENUE,73 AVENUE,75 AVENUE,,FRESH MEADOWS,197 STREET,,Closed,,The Police Department responded to the complaint and determined that police action was not necessary.,01/01/2020 11:02:13 AM,08 QUEENS,4071840018.0,QUEENS,1046608.0,207224.0,MOBILE,Unspecified,QUEENS,,,,,,,,40.735238837130474,-73.77498968322983,"(40.73523883713048, -73.77498968322983)"
88,45287086,2020-01-01 00:24:00,2020-01-03 12:00:00,DSNY,A - Manhattan,Dirty Conditions,E1 Improper Disposal,Sidewalk,10009.0,725 FRANKLIN D ROOSEVELT DRIVE,FRANKLIN D ROOSEVELT DRIVE,EAST 6 ST PED BR OVER FDR DRV,EAST 6 STREET,,,ADDRESS,NEW YORK,,,Closed,,The Department of Sanitation investigated this complaint and found no violation at the location.,01/03/2020 12:00:00 PM,03 MANHATTAN,1003560001.0,MANHATTAN,991232.0,202073.0,ONLINE,Unspecified,MANHATTAN,,,,,,,,40.72131766913776,-73.97481169748649,"(40.72131766913776, -73.97481169748649)"
89,45278189,2020-01-01 00:24:06,2020-01-01 04:24:53,NYPD,New York City Police Department,Noise - Commercial,Loud Music/Party,Club/Bar/Restaurant,10002.0,40 MARKET STREET,MARKET STREET,HENRY STREET,MADISON STREET,HENRY STREET,MADISON STREET,,NEW YORK,MARKET STREET,,Closed,,The Police Department responded to the complaint and with the information available observed no evidence of the violation at that time.,01/01/2020 04:24:54 AM,03 MANHATTAN,1002750027.0,MANHATTAN,985812.0,198829.0,ONLINE,Unspecified,MANHATTAN,,,,,,,,40.712416284208565,-73.99436567260881,"(40.71241628420856, -73.99436567260881)"
90,45283192,2020-01-01 00:24:20,2020-01-01 09:33:15,NYPD,New York City Police Department,Noise - Residential,Loud Music/Party,Residential Building/House,11372.0,34-40 92 STREET,92 STREET,34 AVENUE,35 AVENUE,34 AVENUE,35 AVENUE,,JACKSON HEIGHTS,92 STREET,,Closed,,The Police Department responded to the complaint and with the information available observed no evidence of the violation at that time.,01/01/2020 09:33:17 AM,03 QUEENS,4014520023.0,QUEENS,1018727.0,213882.0,ONLINE,Unspecified,QUEENS,,,,,,,,40.75366599083544,-73.875560140576,"(40.753665990835444, -73.875560140576)"
91,45284741,2020-01-01 00:24:44,2020-01-01 02:59:06,NYPD,New York City Police Department,Noise - Street/Sidewalk,Loud Music/Party,Street/Sidewalk,10031.0,501 WEST  139 STREET,WEST  139 STREET,AMSTERDAM AVENUE,HAMILTON PLACE,AMSTERDAM AVENUE,HAMILTON PLACE,,NEW YORK,WEST  139 STREET,,Closed,,The Police Department responded to the complaint and with the information available observed no evidence of the violation at that time.,01/01/2020 02:59:08 AM,09 MANHATTAN,1020710029.0,MANHATTAN,997914.0,238598.0,ONLINE,Unspecified,MANHATTAN,,,,,,,,40.82156143682672,-73.95063141802162,"(40.82156143682672, -73.95063141802162)"
92,45281887,2020-01-01 00:24:55,2020-01-01 05:19:38,NYPD,New York City Police Department,Noise - Street/Sidewalk,Loud Music/Party,,10465.0,274 BUTTRICK AVENUE,BUTTRICK AVENUE,HARDING AVENUE,MILES AVENUE,HARDING AVENUE,MILES AVENUE,,BRONX,BUTTRICK AVENUE,,Closed,,The Police Department responded to the complaint and determined that police action was not necessary.,01/01/2020 05:19:42 AM,10 BRONX,2055977501.0,BRONX,1032823.0,236367.0,PHONE,Unspecified,BRONX,,,,,,,,40.81531500112997,-73.82452015975329,"(40.81531500112997, -73.82452015975328)"
93,45286240,2020-01-01 00:25:00,2020-01-01 00:55:00,DOT,Department of Transportation,Traffic Signal Condition,LED Lense,,10468.0,,,,,JEROME AVENUE,MORRIS AVENUE,INTERSECTION,BRONX,,,Closed,,Service Request status for this request is available on the Department of Transportationâs website. Please click the âLearn Moreâ link below.,01/01/2020 12:55:00 AM,07 BRONX,,BRONX,1013611.0,256626.0,UNKNOWN,Unspecified,BRONX,,,,,,,,40.87100472847304,-73.89383862602342,"(40.87100472847304, -73.89383862602342)"
94,45282006,2020-01-01 00:25:38,2020-01-01 03:05:35,NYPD,New York City Police Department,Noise - Commercial,Loud Music/Party,Store/Commercial,10031.0,3628 BROADWAY,BROADWAY,WEST  149 STREET,WEST  150 STREET,WEST  149 STREET,WEST  150 STREET,,NEW YORK,BROADWAY,,Closed,,The Police Department responded to the complaint and with the information available observed no evidence of the violation at that time.,01/01/2020 03:05:39 AM,09 MANHATTAN,1020810001.0,MANHATTAN,998537.0,241402.0,MOBILE,Unspecified,MANHATTAN,,,,,,,,40.82925663237593,-73.94837452376649,"(40.82925663237593, -73.94837452376649)"
95,45280452,2020-01-01 00:25:50,2020-01-01 00:25:52,EDC,Economic Development Corporation,Noise - Helicopter,Other,Above Address,10016.0,247 EAST   28 STREET,EAST   28 STREET,3 AVENUE,2 AVENUE,3 AVENUE,2 AVENUE,,NEW YORK,EAST   28 STREET,,Closed,,,,06 MANHATTAN,1009090028.0,MANHATTAN,990018.0,209343.0,ONLINE,Unspecified,MANHATTAN,,,,,,,,40.7412729114436,-73.97918509839646,"(40.741272911443595, -73.97918509839646)"
96,45282737,2020-01-01 00:25:56,2020-01-01 00:50:55,NYPD,New York City Police Department,Illegal Parking,Blocked Hydrant,Street/Sidewalk,10309.0,25 WIRT AVENUE,WIRT AVENUE,HAMPTON PLACE,REDWOOD LOOP,HAMPTON PLACE,REDWOOD LOOP,,STATEN ISLAND,WIRT AVENUE,,Closed,,The Police Department responded to the complaint and took action to fix the condition.,01/01/2020 12:50:57 AM,03 STATEN ISLAND,5070487502.0,STATEN ISLAND,924546.0,139112.0,ONLINE,Unspecified,STATEN ISLAND,,,,,,,,40.54830497285434,-74.21483100670822,"(40.54830497285434, -74.21483100670822)"
97,45279300,2020-01-01 00:25:56,2020-01-01 03:27:36,NYPD,New York City Police Department,Noise - Residential,Loud Music/Party,Residential Building/House,10468.0,2525 UNIVERSITY AVENUE,UNIVERSITY AVENUE,WEST  190 STREET,WEST  192 STREET,WEST  190 STREET,WEST  192 STREET,,BRONX,UNIVERSITY AVENUE,,Closed,,The Police Department responded to the complaint and with the information available observed no evidence of the violation at that time.,01/01/2020 03:27:37 AM,07 BRONX,2032200096.0,BRONX,1011165.0,254867.0,PHONE,Unspecified,BRONX,,,,,,,,40.86618461014838,-73.90268975306806,"(40.86618461014838, -73.90268975306807)"
98,45280754,2020-01-01 00:26:07,2020-01-01 03:04:38,NYPD,New York City Police Department,Noise - Residential,Loud Music/Party,Residential Building/House,10031.0,1833 AMSTERDAM AVENUE,AMSTERDAM AVENUE,WEST  150 STREET,WEST  151 STREET,WEST  150 STREET,WEST  151 STREET,,NEW YORK,AMSTERDAM AVENUE,,Closed,,The Police Department responded to the complaint and with the information available observed no evidence of the violation at that time.,01/01/2020 03:04:39 AM,09 MANHATTAN,1020650001.0,MANHATTAN,999480.0,241246.0,PHONE,Unspecified,MANHATTAN,,,,,,,,40.82882688134843,-73.94496738776525,"(40.82882688134842, -73.94496738776525)"
99,45277699,2020-01-01 00:26:11,2020-01-01 13:08:37,NYPD,New York City Police Department,Blocked Driveway,No Access,,11368.0,33-32 98 STREET,98 STREET,NORTHERN BOULEVARD,34 AVENUE,NORTHERN BOULEVARD,34 AVENUE,,CORONA,98 STREET,,Closed,,The Police Department responded and upon arrival those responsible for the condition were gone.,01/01/2020 01:08:38 PM,03 QUEENS,4017120022.0,QUEENS,1020183.0,214900.0,PHONE,Unspecified,QUEENS,,,,,,,,40.756454341817076,-73.87029948147863,"(40.75645434181708, -73.87029948147863)"
